CoCoNuT,Chart 1,Chart 9,Chart 11,Chart 12,Chart 14,Chart 24,Chart 26,Closure 18,Closure 31,Closure 38,Closure 40,Closure 46,Closure 70,Closure 73,Closure 86,Closure 92,Lang 10,Lang 26,Lang 29,Lang 33,Lang 51,Lang 57,Lang 59,Math 2,Math 22,Math 27,Math 30,Math 34,Math 56,Math 57,Math 58,Math 59,Math 65,Math 77,Math 80,Math 82,Math 90,Math 94,Math 98,Mockito 5,Mockito 8,Mockito 29,Mockito 38,Time 19,,,,,,,,,,,,,,,,,,,,,,,,,,,,,,,,,,
CURE,Chart 1,Chart 11,Chart 12,Chart 14,Chart 17,Chart 20,Chart 24,Chart 26,Chart 8,Chart 9,Closure 10,Closure 102,Closure 11,Closure 126,Closure 18,Closure 38,Closure 40,Closure 46,Closure 57,Closure 62,Closure 70,Closure 73,Closure 86,Closure 92,Lang 10,Lang 26,Lang 29,Lang 38,Lang 43,Lang 51,Lang 57,Lang 59,Lang 6,Math 2,Math 22,Math 27,Math 30,Math 34,Math 41,Math 50,Math 56,Math 57,Math 58,Math 59,Math 65,Math 70,Math 75,Math 79,Math 80,Math 82,Math 94,Math 98,Mockito 29,Mockito 38,Mockito 5,Time 19,Mockito 8,,,,,,,,,,,,,,,,,,,,,
Recoder,Chart 1,Chart 3,Chart 8,Chart 9,Chart 11,Chart 20,Chart 24,Chart 26,Closure 2,Closure 14,Closure 21,Closure 33,Closure 46,Closure 57,Closure 62,Closure 63,Closure 73,Closure 86,Closure 92,Closure 93,Closure 104,Closure 115,Closure 118,Lang 6,Lang 26,Lang 29,Lang 33,Lang 38,Lang 51,Lang 55,Lang 57,Lang 59,Math 5,Math 27,Math 30,Math 33,Math 34,Math 41,Math 50,Math 57,Math 65,Math 70,Math 75,Math 94,Math 105,Time 4,Time 7,Mockito 38,Mockito 29,Math 98,Chart 4,Chart 12,Closure 10,Closure 11,Closure 18,Closure 31,Closure 40,Closure 70,Closure 125,Closure 126,Lang 7,Lang 43,Math 58,Math 82,Math 85,Time 19,Math 96,,,,,,,,,,,
SEQUENCER,Chart 1,Chart 9,Chart 11,Closure 18,Closure 73,Closure 86,Lang 6,Lang 59,Math 30,Math 57,Math 58,Math 75,Math 82,Math 85,,,,,,,,,,,,,,,,,,,,,,,,,,,,,,,,,,,,,,,,,,,,,,,,,,,,,,,,,,,,,,,,
DLFix,Chart 1,Chart 11,Chart 20,Chart 24,Chart 9,Closure 10,Closure 115,Closure 126,Closure 14,Closure 18,Closure 40,Closure 62,Closure 63,Closure 70,Closure 73,Closure 86,Lang 22,Lang 33,Lang 43,Lang 51,Lang 57,Lang 59,Lang 6,Lang 7,Math 30,Math 33,Math 41,Math 5,Math 50,Math 57,Math 58,Math 59,Math 70,Math 75,Math 82,Math 85,Math 98,Mockito 38,Time 19,Time 7,,,,,,,,,,,,,,,,,,,,,,,,,,,,,,,,,,,,,,
Prapr2,Chart 1,Chart 8,Chart 11,Chart 12,Chart 20,Chart 24,Chart 26,Closure 10,Closure 11,Closure 14,Closure 18,Closure 31,Closure 46,Closure 62,Closure 63,Closure 70,Closure 73,Closure 86,Closure 92,Closure 93,Closure 126,Lang 6,Lang 10,Lang 26,Lang 33,Lang 57,Lang 59,Math 5,Math 33,Math 34,Math 50,Math 58,Math 59,Math 70,Math 75,Math 82,Math 85,Mockito 5,Mockito 29,Mockito 38,Time 4,Time 11,Time 19,,,,,,,,,,,,,,,,,,,,,,,,,,,,,,,,,,,
ACS,Chart 14,Chart 19,Lang 24,Lang 7,Math 25,Math 35,Math 3,Math 4,Math 5,Math 61,Math 82,Math 85,Math 89,Math 90,Math 99,Time 15,,,,,,,,,,,,,,,,,,,,,,,,,,,,,,,,,,,,,,,,,,,,,,,,,,,,,,,,,,,,,,
ARJA,Chart 12,Closure 115,Closure 126,Closure 78,Closure 86,Lang 46,Math 22,Math 50,Math 58,Math 70,Math 98,,,,,,,,,,,,,,,,,,,,,,,,,,,,,,,,,,,,,,,,,,,,,,,,,,,,,,,,,,,,,,,,,,,
AVATAR,Chart 11,Chart 19,Chart 1,Chart 24,Chart 26,Chart 4,Closure 115,Closure 11,Closure 126,Closure 2,Closure 38,Closure 46,Closure 62,Closure 63,Closure 73,Lang 10,Lang 57,Lang 59,Lang 6,Lang 7,Math 33,Math 4,Math 59,Math 82,Math 85,Math 89,Mockito 29,Mockito 38,Time 19,Time 7,,,,,,,,,,,,,,,,,,,,,,,,,,,,,,,,,,,,,,,,,,,,,,,,
Cardumem,Chart 11,Math 70,,,,,,,,,,,,,,,,,,,,,,,,,,,,,,,,,,,,,,,,,,,,,,,,,,,,,,,,,,,,,,,,,,,,,,,,,,,,
DynaMoth,Lang 46,Lang 55,Math 50,,,,,,,,,,,,,,,,,,,,,,,,,,,,,,,,,,,,,,,,,,,,,,,,,,,,,,,,,,,,,,,,,,,,,,,,,,,
FixMiner,Chart 11,Chart 12,Chart 19,Chart 1,Chart 24,Chart 26,Chart 4,Closure 10,Closure 13,Closure 2,Closure 38,Closure 46,Closure 73,Lang 10,Lang 56,Lang 57,Lang 59,Math 22,Math 30,Math 33,Math 34,Math 35,Math 4,Math 57,Math 70,Math 75,Math 79,Math 82,Math 85,Mockito 29,Mockito 38,Time 19,Time 26,Time 7,,,,,,,,,,,,,,,,,,,,,,,,,,,,,,,,,,,,,,,,,,,,
GenProg-A,Closure 115,Closure 126,Closure 21,Closure 78,Closure 86,Lang 43,Math 50,Math 70,,,,,,,,,,,,,,,,,,,,,,,,,,,,,,,,,,,,,,,,,,,,,,,,,,,,,,,,,,,,,,,,,,,,,,
jGenProg,Chart 12,Closure 126,Math 50,Math 53,Math 5,Math 70,,,,,,,,,,,,,,,,,,,,,,,,,,,,,,,,,,,,,,,,,,,,,,,,,,,,,,,,,,,,,,,,,,,,,,,,
jKali,Closure 115,Closure 126,,,,,,,,,,,,,,,,,,,,,,,,,,,,,,,,,,,,,,,,,,,,,,,,,,,,,,,,,,,,,,,,,,,,,,,,,,,,
jMutRepair,Chart 1,Closure 62,Closure 63,Math 82,Math 85,,,,,,,,,,,,,,,,,,,,,,,,,,,,,,,,,,,,,,,,,,,,,,,,,,,,,,,,,,,,,,,,,,,,,,,,,
Kali-A,Closure 115,Closure 11,Closure 126,Closure 86,Math 50,,,,,,,,,,,,,,,,,,,,,,,,,,,,,,,,,,,,,,,,,,,,,,,,,,,,,,,,,,,,,,,,,,,,,,,,,
kPAR,Chart 14,Chart 19,Chart 1,Chart 26,Chart 4,Chart 8,Closure 10,Closure 115,Closure 11,Closure 126,Closure 2,Closure 31,Closure 38,Closure 40,Closure 4,Closure 62,Closure 63,Closure 70,Closure 73,Lang 10,Lang 24,Lang 59,Lang 6,Math 50,Math 58,Math 70,Math 75,Math 82,Math 85,Math 89,Time 19,Time 26,Time 7,,,,,,,,,,,,,,,,,,,,,,,,,,,,,,,,,,,,,,,,,,,,,
Nopol,Lang 46,Math 50,,,,,,,,,,,,,,,,,,,,,,,,,,,,,,,,,,,,,,,,,,,,,,,,,,,,,,,,,,,,,,,,,,,,,,,,,,,,
RSRepair-A,Closure 115,Closure 126,Closure 78,Closure 86,Lang 46,Math 50,Math 58,Math 5,Math 70,,,,,,,,,,,,,,,,,,,,,,,,,,,,,,,,,,,,,,,,,,,,,,,,,,,,,,,,,,,,,,,,,,,,,
SimFix,Chart 1,Chart 20,Chart 26,Chart 7,Closure 14,Closure 19,Closure 57,Closure 62,Closure 63,Closure 68,Closure 73,Lang 33,Lang 39,Lang 43,Lang 58,Lang 60,Math 33,Math 35,Math 41,Math 53,Math 57,Math 59,Math 5,Math 70,Math 71,Math 75,Math 79,Math 98,Time 7,,,,,,,,,,,,,,,,,,,,,,,,,,,,,,,,,,,,,,,,,,,,,,,,,
TBar,Chart 11,Chart 12,Chart 19,Chart 1,Chart 20,Chart 24,Chart 26,Chart 4,Chart 8,Chart 9,Closure 102,Closure 10,Closure 115,Closure 117,Closure 11,Closure 13,Closure 2,Closure 38,Closure 40,Closure 46,Closure 4,Closure 62,Closure 63,Closure 70,Closure 73,Lang 10,Lang 24,Lang 26,Lang 33,Lang 39,Lang 47,Lang 51,Lang 57,Lang 59,Lang 6,Math 11,Math 4,Math 57,Math 58,Math 5,Math 65,Math 70,Math 75,Math 77,Math 79,Math 82,Math 85,Math 89,Mockito 26,Mockito 29,Mockito 38,Time 19,Time 26,Time 7,,,,,,,,,,,,,,,,,,,,,,,,
capgen,Chart 1,Chart 8,Chart 11,Chart 24,Lang 6,Lang 26,Lang 43,Lang 57,Lang 59,Math 5,Math 30,Math 33,Math 53,Math 57,Math 58,Math 59,Math 63,Math 65,Math 70,Math 75,Math 80,Math 85,,,,,,,,,,,,,,,,,,,,,,,,,,,,,,,,,,,,,,,,,,,,,,,,,,,,,,,,
elixir,Chart 1,Chart 8,Chart 9,Chart 11,Math 5,Math 30,Math 33,Math 34,Math 50,Math 57,Math 58,Math 59,Math 70,Math 75,Math 82,Math 85,Lang 6,Lang 24,Lang 26,Lang 33,Lang 38,Lang 43,Lang 57,Lang 59,Time 4,Time 15,,,,,,,,,,,,,,,,,,,,,,,,,,,,,,,,,,,,,,,,,,,,,,,,,,,,
hd_repair,Chart 1,Chart 8,Closure 10,Lang 6,Lang 10,Lang 43,Lang 51,Lang 57,Lang 59,Math 5,Math 22,Math 34,Math 50,Math 53,Math 70,Math 82,Time 19,,,,,,,,,,,,,,,,,,,,,,,,,,,,,,,,,,,,,,,,,,,,,,,,,,,,,,,,,,,,,
jaid,Chart 1,Chart 9,Chart 24,Chart 26,Closure 18,Closure 31,Closure 33,Closure 40,Closure 62,Closure 63,Closure 70,Closure 73,Closure 126,Lang 33,Lang 38,Lang 45,Lang 51,Lang 55,Math 5,Math 32,Math 50,Math 53,Math 80,Math 82,Math 85,,,,,,,,,,,,,,,,,,,,,,,,,,,,,,,,,,,,,,,,,,,,,,,,,,,,,
sketchfix,Chart 1,Chart 8,Chart 9,Chart 11,Chart 20,Chart 24,Closure 14,Closure 62,Closure 126,Lang 6,Lang 55,Lang 59,Math 5,Math 33,Math 50,Math 59,Math 70,Math 82,Math 85,,,,,,,,,,,,,,,,,,,,,,,,,,,,,,,,,,,,,,,,,,,,,,,,,,,,,,,,,,,
ssfix,Chart 20,Chart 24,Closure 14,Lang 21,Lang 33,Lang 43,Lang 59,Lang 6,Math 33,Math 41,Math 50,Math 53,Math 59,Math 70,Math 80,,,,,,,,,,,,,,,,,,,,,,,,,,,,,,,,,,,,,,,,,,,,,,,,,,,,,,,,,,,,,,,
Tbar 68,Chart 1,Chart 11,Chart 12,Chart 14,Chart 19,Chart 20,Chart 24,Chart 26,Chart 4,Chart 8,Chart 9,Closure 10,Closure 102,Closure 11,Closure 115,Closure 126,Closure 13,Closure 18,Closure 2,Closure 31,Closure 38,Closure 40,Closure 46,Closure 62,Closure 70,Closure 73,Closure 86,Lang 10,Lang 22,Lang 24,Lang 26,Lang 33,Lang 39,Lang 47,Lang 51,Lang 57,Lang 59,Lang 6,Lang 63,Lang 7,Math 11,Math 22,Math 30,Math 33,Math 34,Math 35,Math 4,Math 5,Math 50,Math 57,Math 58,Math 59,Math 65,Math 70,Math 75,Math 77,Math 79,Math 80,Math 82,Math 85,Math 89,Math 98,Mockito 26,Mockito 29,Mockito 38,Time 19,Time 26,Time 7,,,,,,,,,,
AlphaRepair,Chart 1,Chart 8,Chart 9,Chart 11,Chart 24,Closure 10,Closure 18,Closure 31,Closure 57,Closure 62,Closure 70,Closure 73,Closure 86,Closure 92,Closure 125,Lang 6,Lang 24,Lang 33,Lang 29,Lang 59,Lang 61,Math 5,Math 30,Math 41,Math 57,Math 58,Math 59,Math 63,Math 65,Math 70,Math 75,Math 80,Math 82,Math 85,Math 94,Mockito 34,Mockito 26,Time 19,Lang 51,Lang 55,Lang 45,Closure 19,Closure 77,Chart 26,Closure 2,Closure 21,Closure 46,Chart 4,Lang 43,Chart 12,Closure 11,Closure 38,Closure 101,Closure 109,Closure 115,Math 2,Math 11,Math 34,Math 50,Math 90,Mockito 29,Mockito 38,Time 4,Time 7,Closure 126,Lang 7,Mockito 18,Lang 10,Closure 66,Closure 40,Lang 4,Math 98,Chart 14,Math 96,,,,
RewardRepair,Chart 1,Chart 11,Chart 12,Chart 24,Chart 9,Closure 1,Closure 10,Closure 101,Closure 104,Closure 11,Closure 126,Closure 18,Closure 31,Closure 38,Closure 57,Closure 62,Closure 70,Closure 73,Closure 86,Closure 92,Lang 21,Lang 29,Lang 33,Lang 45,Lang 57,Lang 59,Lang 6,Math 104,Math 105,Math 11,Math 2,Math 27,Math 30,Math 33,Math 34,Math 41,Math 5,Math 50,Math 57,Math 59,Math 70,Math 75,Math 80,Math 82,Math 85,Math 94,Mockito 26,Mockito 38,Mockito 5,Time 19,,,,,,,,,,,,,,,,,,,,,,,,,,,,
IncoderRepair,Chart 1,Chart 11,Chart 12,Chart 20,Chart 24,Chart 8,Closure 109,Closure 11,Closure 125,Closure 126,Closure 129,Closure 19,Closure 31,Closure 56,Closure 57,Closure 61,Closure 62,Closure 65,Closure 70,Closure 71,Closure 73,Closure 77,Closure 86,Closure 92,Closure 97,Lang 11,Lang 16,Lang 21,Lang 33,Lang 38,Lang 39,Lang 40,Lang 43,Lang 44,Lang 45,Lang 51,Lang 52,Lang 55,Lang 57,Lang 59,Lang 61,Math 101,Math 3,Math 30,Math 34,Math 41,Math 56,Math 57,Math 58,Math 75,Math 82,Math 85,Math 91,Math 94,Math 96,Mockito 12,Time 15,Time 19,Time 4,Chart 9,Closure 18,Closure 52,Lang 24,Lang 29,Math 11,Math 59,Math 70,Math 80,Mockito 34,Mockito 38,Chart 7,Closure 115,Closure 128,Closure 2,Closure 44,Lang 10,Math 44,Math 86
ChatRepair,Chart 1,Chart 10,Chart 11,Chart 12,Chart 13,Chart 17,Chart 20,Chart 24,Chart 26,Chart 4,Chart 5,Chart 6,Chart 7,Chart 8,Chart 9,Closure 10,Closure 101,Closure 102,Closure 104,Closure 11,Closure 119,Closure 124,Closure 125,Closure 126,Closure 128,Closure 13,Closure 15,Closure 18,Closure 19,Closure 2,Closure 20,Closure 31,Closure 33,Closure 36,Closure 38,Closure 44,Closure 5,Closure 52,Closure 56,Closure 57,Closure 61,Closure 62,Closure 65,Closure 67,Closure 70,Closure 73,Closure 77,Closure 78,Closure 83,Closure 86,Closure 92,Closure 97,Lang 11,Lang 16,Lang 21,Lang 24,Lang 26,Lang 27,Lang 28,Lang 29,Lang 33,Lang 38,Lang 39,Lang 40,Lang 43,Lang 44,Lang 45,Lang 51,Lang 52,Lang 55,Lang 57,Lang 59,Lang 61,Math 10,Math 105,Math 106,Math 11,Math 2,Math 27,Math 3,Math 30,Math 33,Math 34,Math 41,Math 45,Math 5,Math 50,Math 53,Math 56,Math 57,Math 58,Math 59,Math 69,Math 70,Math 72,Math 73,Math 79,Math 80,Math 82,Math 85,Math 89,Math 91,Math 94,Math 95,Math 96,Mockito 12,Mockito 22,Mockito 24,Mockito 29,Mockito 34,Mockito 38,Time 15,Time 16,Time 4
ThinkRepair,Chart 1,Chart 10,Chart 11,Chart 13,Chart 17,Chart 20,Chart 24,Chart 4,Chart 7,Chart 8,Chart 9,Closure 101,Closure 102,Closure 104,Closure 105,Closure 11,Closure 119,Closure 122,Closure 124,Closure 126,Closure 128,Closure 13,Closure 131,Closure 14,Closure 18,Closure 19,Closure 20,Closure 31,Closure 38,Closure 44,Closure 51,Closure 52,Closure 56,Closure 57,Closure 62,Closure 73,Closure 77,Closure 78,Closure 83,Closure 86,Closure 92,Closure 97,Lang 11,Lang 14,Lang 16,Lang 17,Lang 21,Lang 24,Lang 28,Lang 29,Lang 33,Lang 40,Lang 42,Lang 43,Lang 45,Lang 51,Lang 52,Lang 55,Lang 58,Lang 59,Lang 61,Math 101,Math 105,Math 106,Math 11,Math 2,Math 26,Math 27,Math 3,Math 30,Math 34,Math 41,Math 5,Math 50,Math 56,Math 57,Math 59,Math 60,Math 69,Math 70,Math 72,Math 79,Math 80,Math 82,Math 85,Math 89,Math 91,Math 94,Mockito 13,Mockito 24,Mockito 29,Mockito 33,Mockito 34,Mockito 38,Time 15,Time 16,Time 19,Time 20
Mulpo,Chart 1,Chart 4,Chart 7,Chart 8,Chart 9,Chart 10,Chart 11,Chart 12,Chart 14,Chart 16,Chart 19,Chart 24,Chart 26,Time 3,Time 19,Time 23,Time 26,Mockito 4,Mockito 5,Mockito 8,Mockito 22,Mockito 26,Mockito 29,Mockito 38,Lang 4,Lang 6,Lang 16,Lang 20,Lang 24,Lang 26,Lang 33,Lang 35,Lang 43,Lang 44,Lang 45,Lang 47,Lang 51,Lang 55,Lang 57,Lang 58,Lang 59,Lang 60,Lang 61,Math 2,Math 4,Math 5,Math 11,Math 22,Math 26,Math 30,Math 34,Math 35,Math 41,Math 49,Math 57,Math 70,Math 72,Math 75,Math 79,Math 80,Math 85,Math 89,Math 94,Math 96,Math 98,Math 100,Closure 4,Closure 6,Closure 7,Closure 10,Closure 11,Closure 15,Closure 18,Closure 31,Closure 38,Closure 40,Closure 46,Closure 66,Closure 70,Closure 73,Closure 75,Closure 78,Closure 86,Closure 92,Closure 93,Closure 102,Closure 115,Closure 118,Closure 124,Closure 125,Closure 126,Closure 128
Gamma,Chart 1,Chart 4,Chart 7,Chart 8,Chart 9,Chart 11,Chart 12,Chart 14,Chart 19,Chart 24,Chart 26,Closure 6,Closure 7,Closure 10,Closure 11,Closure 13,Closure 18,Closure 31,Closure 38,Closure 40,Closure 46,Closure 52,Closure 62,Closure 63,Closure 70,Closure 73,Closure 78,Closure 86,Closure 92,Closure 93,Closure 102,Closure 115,Closure 125,Closure 126,Closure 128,Lang 4,Lang 6,Lang 7,Lang 10,Lang 20,Lang 24,Lang 26,Lang 33,Lang 34,Lang 43,Lang 47,Lang 51,Lang 57,Lang 58,Lang 59,Lang 60,Math 4,Math 5,Math 11,Math 22,Math 27,Math 30,Math 34,Math 46,Math 49,Math 50,Math 57,Math 58,Math 59,Math 63,Math 65,Math 70,Math 72,Math 75,Math 79,Math 80,Math 82,Math 85,Math 89,Math 94,Math 98,Mockito 26,Mockito 29,Mockito 38,Time 3,Time 19,Time 26,
Llmar,Chart 1,Chart 4,Chart 5,Chart 6,Chart 7,Chart 8,Chart 9,Chart 10,Chart 11,Chart 13,Chart 14,Chart 15,Chart 16,Chart 17,Chart 18,Chart 19,Chart 20,Chart 21,Chart 24,Chart 25,Chart 26,Closure 7,Closure 8,Closure 9,Closure 10,Closure 11,Closure 13,Closure 18,Closure 19,Closure 31,Closure 38,Closure 44,Closure 51,Closure 52,Closure 56,Closure 57,Closure 59,Closure 62,Closure 63,Closure 66,Closure 80,Closure 88,Closure 92,Closure 97,Closure 101,Closure 104,Closure 119,Closure 122,Closure 124,Closure 125,Closure 126,Closure 128,Lang 1,Lang 3,Lang 4,Lang 5,Lang 7,Lang 8,Lang 13,Lang 16,Lang 18,Lang 19,Lang 21,Lang 22,Lang 24,Lang 26,Lang 27,Lang 28,Lang 31,Lang 33,Lang 35,Lang 37,Lang 38,Lang 39,Lang 42,Lang 43,Lang 45,Lang 48,Lang 50,Lang 51,Lang 55,Lang 59,Lang 60,Lang 61,Lang 62,Math 2,Math 3,Math 4,Math 5,Math 8,Math 10,Math 11,Math 15,Math 19,Math 22,Math 23,Math 26,Math 27,Math 30,Math 35,Math 38,Math 41,Math 50,Math 56,Math 57,Math 59,Math 70,Math 71,Math 72,Math 73,Math 77,Math 80,Math 82,Math 85,Math 89,Math 91,Math 93,Math 94,Math 95,Math 96,Math 97,Math 98,Math 100,Math 105,Math 106,Mockito 1,Mockito 12,Mockito 22,Mockito 24,Mockito 29,Mockito 31,Mockito 33,Mockito 34,Mockito 38,Time 13,Time 15,Time 16,Time 20
BaseQwen,Chart 1,Chart 4,Chart 7,Chart 8,Chart 9,Chart 11,Chart 15,Chart 19,Chart 20,Chart 24,Chart 25,Chart 26,Closure 9,Closure 13,Closure 18,Closure 44,Closure 92,Closure 93,Closure 97,Closure 125,Closure 126,Closure 128,Lang 7,Lang 19,Lang 21,Lang 33,Lang 39,Lang 40,Lang 51,Lang 59,Lang 60,Lang 61,Math 2,Math 11,Math 22,Math 30,Math 32,Math 38,Math 41,Math 49,Math 59,Math 69,Math 70,Math 72,Math 77,Math 80,Math 82,Math 83,Math 89,Math 91,Math 94,Math 95,Math 98,Mockito 24,Time 15