TENURE,Cli_27,Cli_28,Cli_32,Cli_5,Codec_17,Codec_2,Codec_3,Codec_4,Codec_7,Codec_8,Collections_26,Compress_14,Compress_24,Compress_27,Compress_31,Compress_32,Compress_4,Compress_44,Compress_6,Csv_11,Csv_5,Csv_9,Gson_11,Gson_6,JacksonCore_21,JacksonCore_25,JacksonCore_5,JacksonDatabind_101,JacksonDatabind_102,JacksonDatabind_13,JacksonDatabind_27,JacksonDatabind_3,JacksonDatabind_49,JacksonDatabind_71,JacksonDatabind_83,JacksonDatabind_95,JacksonDatabind_96,JacksonXml_3,Jsoup_24,Jsoup_26,Jsoup_32,Jsoup_39,Jsoup_40,Jsoup_47,Jsoup_49,Jsoup_62,Jsoup_64,Jsoup_68,Jsoup_85,Jsoup_88
KNOD,Cli_11,Cli_17,Cli_25,Cli_28,Cli_5,Cli_8,Closure_168,Codec_17,Codec_2,Codec_3,Codec_4,Codec_7,Codec_8,Compress_1,Compress_19,Compress_31,Csv_4,Csv_5,Csv_6,Csv_9,Gson_11,Gson_6,JacksonCore_11,JacksonCore_25,JacksonCore_26,JacksonCore_5,JacksonCore_7,JacksonDatabind_1,JacksonDatabind_102,JacksonDatabind_13,JacksonDatabind_17,JacksonDatabind_27,JacksonDatabind_34,JacksonDatabind_46,JacksonDatabind_49,JacksonDatabind_83,JacksonDatabind_96,JacksonDatabind_97,JacksonXml_5,Jsoup_24,Jsoup_39,Jsoup_40,Jsoup_43,Jsoup_55,Jsoup_61,Jsoup_77,Jsoup_88,JxPath_16,JxPath_21,JxPath_5
RewardRepair,JacksonXml_5,JacksonDatabind_17,Codec_8,Cli_19,JacksonCore_25,JxPath_16,JacksonDatabind_99,Compress_31,Jsoup_52,Jsoup_68,Codec_1,JacksonDatabind_102,JacksonDatabind_76,JacksonDatabind_57,Csv_9,JxPath_10,Cli_8,JacksonDatabind_27,Compress_14,Codec_17,Jsoup_39,Cli_28,JacksonDatabind_49,Csv_11,Jsoup_24,Cli_25,JacksonCore_5,Cli_5,Jsoup_43,Codec_7,JxPath_5,Jsoup_55,Codec_2,Jsoup_57,Cli_32,Compress_27,Cli_27,JxPath_1,Codec_3,Jsoup_49,JacksonDatabind_13,Cli_17,Gson_6,Compress_19,JacksonDatabind_24,Jsoup_86,JacksonDatabind_1,Csv_15,JacksonDatabind_83,Jsoup_64
AlphaRepair,Cli_11,Cli_17,Cli_25,Cli_28,Cli_8,Codec_16,Codec_17,Codec_2,Codec_3,Codec_4,Codec_7,Compress_19,Csv_11,Gson_11,Gson_15,JacksonCore_25,JacksonCore_5,JacksonCore_8,JacksonDatabind_1,JacksonDatabind_16,JacksonDatabind_17,JacksonDatabind_27,JacksonDatabind_34,JacksonDatabind_57,JacksonDatabind_96,JacksonDatabind_99,Jsoup_15,Jsoup_24,Jsoup_32,Jsoup_39,Jsoup_40,Jsoup_43,Jsoup_55,Jsoup_57,Jsoup_62,JxPath_10
ChatRepair,Cli_11,Cli_17,Cli_28,Cli_40,Cli_8,Codec_10,Codec_17,Codec_18,Codec_2,Codec_3,Codec_4,Codec_7,Codec_9,Compress_19,Compress_23,Csv_1,Csv_11,Csv_4,Gson_11,Gson_13,Gson_15,JacksonCore_25,JacksonCore_5,JacksonCore_8,JacksonDatabind_1,JacksonDatabind_16,JacksonDatabind_27,JacksonDatabind_46,JacksonDatabind_57,JacksonDatabind_82,JacksonDatabind_96,JacksonDatabind_97,JacksonDatabind_99,JacksonXml_5,Jsoup_32,Jsoup_33,Jsoup_34,Jsoup_43,Jsoup_45,Jsoup_46,Jsoup_47,Jsoup_55,Jsoup_57,Jsoup_61,Jsoup_62,Jsoup_77,Jsoup_86,Jsoup_88
ThinkRepair,Cli_11,Cli_17,Cli_19,Cli_24,Cli_28,Cli_37,Cli_38,Cli_4,Cli_40,Closure_152,Closure_166,Closure_168,Codec_10,Codec_15,Codec_17,Codec_18,Codec_2,Codec_3,Codec_4,Codec_5,Codec_6,Codec_7,Compress_12,Compress_15,Compress_17,Compress_18,Compress_19,Compress_21,Compress_23,Compress_27,Compress_30,Compress_31,Compress_32,Compress_35,Compress_44,Compress_45,Compress_46,Compress_7,Csv_1,Csv_10,Csv_11,Csv_14,Csv_4,Csv_5,Csv_6,Csv_9,Gson_13,Gson_15,Gson_16,Gson_5,Gson_6,JacksonCore_20,JacksonCore_21,JacksonCore_25,JacksonCore_3,JacksonCore_5,JacksonCore_6,JacksonCore_7,JacksonDatabind_1,JacksonDatabind_102,JacksonDatabind_16,JacksonDatabind_17,JacksonDatabind_24,JacksonDatabind_27,JacksonDatabind_34,JacksonDatabind_42,JacksonDatabind_46,JacksonDatabind_5,JacksonDatabind_54,JacksonDatabind_57,JacksonDatabind_67,JacksonDatabind_76,JacksonDatabind_91,JacksonDatabind_97,JacksonDatabind_99,JacksonXml_3,JacksonXml_5,Jsoup_19,Jsoup_20,Jsoup_24,Jsoup_26,Jsoup_27,Jsoup_34,Jsoup_41,Jsoup_43,Jsoup_45,Jsoup_47,Jsoup_48,Jsoup_49,Jsoup_51,Jsoup_54,Jsoup_55,Jsoup_57,Jsoup_59,Jsoup_6,Jsoup_62,Jsoup_64,Jsoup_68,Jsoup_72,Jsoup_80,Jsoup_85,Jsoup_86,Jsoup_88,Jsoup_89,Jsoup_90,JxPath_22,JxPath_8
Mulpo,Cli_2,Cli_5,Cli_8,Cli_17,Cli_24,Cli_27,Cli_40,Codec_4,Codec_5,Codec_10,Compress_1,Compress_10,Compress_12,Compress_14,Compress_16,Compress_18,Compress_30,Compress_37,Compress_41,Compress_44,Csv_5,Csv_6,Csv_9,Gson_16,JacksonCore_5,JacksonCore_9,JacksonCore_11,JacksonCore_19,JacksonCore_25,JacksonDatabind_1,JacksonDatabind_3,JacksonDatabind_17,JacksonDatabind_34,JacksonDatabind_46,JacksonDatabind_49,JacksonDatabind_51,JacksonDatabind_54,JacksonDatabind_57,JacksonDatabind_61,JacksonDatabind_80,JacksonDatabind_83,JacksonDatabind_99,Jsoup_23,Jsoup_26,Jsoup_27,Jsoup_37,Jsoup_39,Jsoup_43,Jsoup_46,Jsoup_54,Jsoup_59,Jsoup_60,Jsoup_68,Jsoup_72,Jsoup_77,Jsoup_86,JxPath_5,JxPath_8,JxPath_16,JxPath_21
Gamma,Compress_45,Compress_27,Compress_31,Compress_19,JacksonDatabind_19,JacksonDatabind_96,JacksonDatabind_71,JacksonDatabind_13,JacksonDatabind_102,JacksonDatabind_27,JacksonDatabind_46,JacksonDatabind_1,JacksonDatabind_49,JacksonDatabind_99,Codec_3,Codec_8,Codec_7,Gson_15,Gson_6,Gson_12,Jsoup_43,Jsoup_62,Jsoup_60,Jsoup_40,Jsoup_57,Jsoup_61,Jsoup_64,Jsoup_32,Jsoup_24,Jsoup_86,Jsoup_39,Cli_27,Cli_32,Cli_28,Cli_25,Cli_8,Cli_40,Cli_34,Cli_5,Cli_17,JxPath_16,JxPath_5,JacksonCore_14,JacksonCore_5,JacksonCore_25
Llmar,Cli_11,Cli_12,Cli_14,Cli_15,Cli_17,Cli_18,Cli_24,Cli_27,Cli_28,Cli_34,Cli_35,Cli_37,Cli_38,Cli_39,Cli_40,Cli_5,Cli_9,Closure_161,Closure_168,Codec_10,Codec_17,Codec_18,Codec_2,Codec_5,Codec_6,Codec_7,Codec_9,Compress_1,Compress_12,Compress_15,Compress_18,Compress_19,Compress_21,Compress_23,Compress_24,Compress_26,Compress_27,Compress_28,Compress_30,Compress_31,Compress_32,Compress_34,Compress_43,Compress_44,Compress_45,Compress_46,Compress_5,Compress_6,Compress_7,Csv_1,Csv_10,Csv_11,Csv_14,Csv_2,Csv_4,Csv_5,Csv_6,Csv_7,Csv_9,Gson_12,Gson_13,Gson_15,Gson_17,Gson_5,Gson_6,JacksonCore_1,JacksonCore_11,JacksonCore_17,JacksonCore_19,JacksonCore_20,JacksonCore_21,JacksonCore_23,JacksonCore_25,JacksonCore_4,JacksonCore_5,JacksonCore_6,JacksonCore_7,JacksonCore_8,JacksonDatabind_1,JacksonDatabind_100,JacksonDatabind_101,JacksonDatabind_102,JacksonDatabind_106,JacksonDatabind_112,JacksonDatabind_12,JacksonDatabind_13,JacksonDatabind_17,JacksonDatabind_24,JacksonDatabind_27,JacksonDatabind_28,JacksonDatabind_29,JacksonDatabind_3,JacksonDatabind_32,JacksonDatabind_34,JacksonDatabind_35,JacksonDatabind_4,JacksonDatabind_41,JacksonDatabind_42,JacksonDatabind_43,JacksonDatabind_46,JacksonDatabind_47,JacksonDatabind_48,JacksonDatabind_49,JacksonDatabind_5,JacksonDatabind_54,JacksonDatabind_56,JacksonDatabind_57,JacksonDatabind_58,JacksonDatabind_61,JacksonDatabind_63,JacksonDatabind_65,JacksonDatabind_67,JacksonDatabind_70,JacksonDatabind_71,JacksonDatabind_74,JacksonDatabind_80,JacksonDatabind_83,JacksonDatabind_9,JacksonDatabind_93,JacksonDatabind_95,JacksonDatabind_97,JacksonDatabind_99,JacksonXml_3,Jsoup_1,Jsoup_10,Jsoup_18,Jsoup_19,Jsoup_20,Jsoup_26,Jsoup_29,Jsoup_34,Jsoup_37,Jsoup_39,Jsoup_40,Jsoup_42,Jsoup_43,Jsoup_45,Jsoup_46,Jsoup_48,Jsoup_51,Jsoup_57,Jsoup_59,Jsoup_6,Jsoup_64,Jsoup_68,Jsoup_70,Jsoup_77,Jsoup_8,Jsoup_80,Jsoup_82,Jsoup_84,Jsoup_85,Jsoup_88,Jsoup_89,JxPath_5